<?xml version="1.0" encoding="UTF-8"?>

<mule xmlns:db="http://www.mulesoft.org/schema/mule/db" xmlns:http="http://www.mulesoft.org/schema/mule/http" xmlns="http://www.mulesoft.org/schema/mule/core" xmlns:doc="http://www.mulesoft.org/schema/mule/documentation"
	xmlns:spring="http://www.springframework.org/schema/beans" 
	xmlns:xsi="http://www.w3.org/2001/XMLSchema-instance"
	xsi:schemaLocation="http://www.springframework.org/schema/beans http://www.springframework.org/schema/beans/spring-beans-current.xsd
http://www.mulesoft.org/schema/mule/core http://www.mulesoft.org/schema/mule/core/current/mule.xsd
http://www.mulesoft.org/schema/mule/db http://www.mulesoft.org/schema/mule/db/current/mule-db.xsd
http://www.mulesoft.org/schema/mule/http http://www.mulesoft.org/schema/mule/http/current/mule-http.xsd">
    <http:listener-config name="HTTP_Listener_Configuration" host="localhost" port="8081" doc:name="HTTP Listener Configuration"/>
    <db:mysql-config name="MySQL_Configuration" host="localhost" port="3306" user="root" password="admin" database="capdemo" doc:name="MySQL Configuration"/>
    <flow name="day8-http-with-databaseFlow">
        <http:listener config-ref="HTTP_Listener_Configuration" path="/persist_data" doc:name="HTTP"/>
        <set-session-variable variableName="customerid" value="#[message.inboundProperties.'http.query.params'.customerid]" doc:name="Session Variable"/>
        <set-session-variable variableName="customername" value="#[message.inboundProperties.'http.query.params'.customername]" doc:name="Session Variable"/>
        <set-session-variable variableName="email" value="#[message.inboundProperties.'http.query.params'.email]" doc:name="Session Variable"/>
        <logger message="#[sessionVars.customerid] #[sessionVars.customername] #[sessionVars.email]" level="INFO" doc:name="Logger"/>
        <db:insert config-ref="MySQL_Configuration" doc:name="Database">
            <db:parameterized-query><![CDATA[insert into customer values(#[sessionVars.customerid],#[sessionVars.customername],#[sessionVars.email]);]]></db:parameterized-query>
        </db:insert>
    </flow>
</mule>
