<?xml version="1.0" encoding="UTF-8"?>

<mule xmlns:file="http://www.mulesoft.org/schema/mule/file" xmlns:tracking="http://www.mulesoft.org/schema/mule/ee/tracking" xmlns="http://www.mulesoft.org/schema/mule/core" xmlns:doc="http://www.mulesoft.org/schema/mule/documentation"
	xmlns:spring="http://www.springframework.org/schema/beans" 
	xmlns:xsi="http://www.w3.org/2001/XMLSchema-instance"
	xsi:schemaLocation="http://www.springframework.org/schema/beans http://www.springframework.org/schema/beans/spring-beans-current.xsd
http://www.mulesoft.org/schema/mule/core http://www.mulesoft.org/schema/mule/core/current/mule.xsd
http://www.mulesoft.org/schema/mule/file http://www.mulesoft.org/schema/mule/file/current/mule-file.xsd
http://www.mulesoft.org/schema/mule/ee/tracking http://www.mulesoft.org/schema/mule/ee/tracking/current/mule-tracking-ee.xsd">
    <flow name="EncryptFlow">
        <file:inbound-endpoint path="D:\vidavid\demomule\day3\source" responseTimeout="10000" doc:name="File"/>
        <logger message="#[message.payloadAs(java.lang.String)]" level="INFO" doc:name="Logger"/>
        
        <base64-encoder-transformer xmlns="http://www.mulesoft.org/schema/mule/core" encoding="utf8"></base64-encoder-transformer>
        <logger message="#[message.payloadAs(java.lang.String)]" level="INFO" doc:name="Logger"/>
        <scatter-gather doc:name="Scatter-Gather">
            <file:outbound-endpoint path="D:\vidavid\demomule\day3\encoded" responseTimeout="10000" doc:name="File"/>
            <file:outbound-endpoint path="D:\vidavid\demomule\day3\encoded-copy" responseTimeout="10000" doc:name="File"/>
        </scatter-gather>
        
    </flow>
    <flow name="DecryptFlow">
        <file:inbound-endpoint path="D:\vidavid\demomule\day3\encoded-copy" responseTimeout="10000" doc:name="File"/>
        <logger message="#[message.payloadAs(java.lang.String)]" level="INFO" doc:name="Logger"/>
        <base64-decoder-transformer xmlns="http://www.mulesoft.org/schema/mule/core" encoding="utf8"></base64-decoder-transformer>
        <logger message="#[message.payloadAs(java.lang.String)]" level="INFO" doc:name="Logger"/>
        <file:outbound-endpoint path="D:\vidavid\demomule\day3\decoded" responseTimeout="10000" doc:name="File"/>
    </flow>
</mule>
