<?xml version="1.0" encoding="UTF-8"?>

<mule xmlns:http="http://www.mulesoft.org/schema/mule/http" xmlns="http://www.mulesoft.org/schema/mule/core" xmlns:doc="http://www.mulesoft.org/schema/mule/documentation"
	xmlns:spring="http://www.springframework.org/schema/beans" 
	xmlns:xsi="http://www.w3.org/2001/XMLSchema-instance"
	xsi:schemaLocation="http://www.springframework.org/schema/beans http://www.springframework.org/schema/beans/spring-beans-current.xsd
http://www.mulesoft.org/schema/mule/core http://www.mulesoft.org/schema/mule/core/current/mule.xsd
http://www.mulesoft.org/schema/mule/http http://www.mulesoft.org/schema/mule/http/current/mule-http.xsd">
    <http:listener-config name="HTTP_Listener_Configuration" host="localhost" port="8083" doc:name="HTTP Listener Configuration"/>
    <flow name="day7-demoFlow">
        <http:listener config-ref="HTTP_Listener_Configuration" path="/round-robin-test" doc:name="HTTP"/>
        <round-robin doc:name="Round Robin">
            <set-payload value="This is Payload1" doc:name="Set Payload1"/>
            <set-payload value="This is payload 2" doc:name="Set Payload2"/>
            <set-payload value="This is payload 3" doc:name="Set Payload3"/>
        </round-robin>
    </flow>
</mule>
